,Target,Text
Bushfire,1,Updated: Type changed from Fire to Bushfire. Safe. A vehicle is on scene
Bushfire,0,Register your Sports Club here to help a bushfire affected sporting club. https://t.co/wpMvJ9rXKM
Bushfire,1,Heatwave brings dangerous fire conditions to bushfire-ravaged Australia https://t.co/4NuQmyEADT
Bushfire,0,"DYK? 22 year old Alexander Zverev has made a pre-tournament promise to donate his entire $A4.12 million purse money to the Bushfire Relief if he becomes #AusOpen Grand Slam champion this coming Sunday. Incidentally, in his short career he has already earned over $20 million."
Bushfire,0,"An Australian study has found that even short-term exposure to air pollutants like bushfire smoke raises the risk of cardiac arrest, especially for over-65s. Read the full study: https://t.co/nSvPwbXNcY https://t.co/sm4Re20RJf"
Bushfire,1,"Regis residents from across Australia have been raising funds for the bushfires that have swept across the country. Over the weekend many of our homes held BBQs, bake-offs, knitting sessions and dress-ups - raising thousands of dollars for #bushfire relief. #AustralianFires https://t.co/DoAFoSeBDW"
Bushfire,0,"Did the PM's narrow focus on cutting cost and underfunding almost everything blind him from seeing what is in front of his head. Draught, no Water a Bushfire Brigade without capacity to fight fires on this scale. Did he know the risk and did nothing, watching the show from Hawaii"
Bushfire,1,Ethical investing tipped to rise after bushfire crisis https://t.co/R5BE4uo366 via @livefinancy
Bushfire,1,The 2019-20 bushfire season and ongoing drought ‚Äì the worst on record ‚Äì have materially disrupted economic output across regional NSW and have increased the state's budget pressure https://t.co/xcuMKfp1xX
Bushfire,1,Bushfire destroys couple's North Rosedale home but climate change sign survives - ABC News || These bushfires sha. May Allah help us.  https://t.co/ukFHuAhpjL
Bushfire,1,"Bushfire Recovery Victoria is a permanent and dedicated agency that will work directly with local communities impacted by Victoria's devastating bushfires.
For bushfire case support and general enquiries:
üìû 1800 560 760
üíª connect@brv.vic.gov.au
üîó https://t.co/gy6iPa2HIH https://t.co/4hyqyrqtMd"
Bushfire,1,"Bushfire - Advice for Lagoon Trk, Warrak. For more info: https://t.co/jPjQYJqOBb #vicfires"
Bushfire,1,"Bushfire - Advice for Lagoon Trk, Warrak. For more info: https://t.co/dYnx3NGaAq #vicfires"
Bushfire,0,"READ |English international netballer, Geva Mentor, says Netball Australia has picked ‚Äúan absolute cracker‚Äù All-Stars team to play the Diamonds in a one-off game to raise money for bushfire victims. https://t.co/lPN5KTDIyU https://t.co/KUqG0ft5Wh"
Bushfire,1,'Remarkable' behaviour: Experts stunned by photo of lyrebirds uniting under bushfire threat https://t.co/QcRNL73XVf via @ABCNews
Bushfire,0,"Aboriginal communities call for ongoing funding of cultural burning for bushfire mitigation
https://t.co/FyHzqMiYNk"
Bushfire,1,Workers take safety into their own hands with new policy to walk off the job in bushfire smoke https://t.co/Ea90yj4Xli via @theage
Bushfire,0,"With significant support to the bushfire affected comminuties provided by #yourADF, the amphibious capability has once again proved its worth. This article below provides a short history on how this capability has developed, from moving tanks via water

https://t.co/CRLpXqlRd8"
Bushfire,0,"We're working together with the Federal Gov't to ensure bushfire clean-up doesn't leave communities out of pocket. Costs will be covered &amp; local contractors used, where possible. 
Towns are hurting, but together we will rebuild #auspol #nswpol #bushfires @GladysB @JohnBarilaroMP https://t.co/UTFLHcV4oW"
Bushfire,0,"We're closing in on the insane Milestone of $30k, and have 3 days left before the #DestinyFANZ Australian Bushfire Appeal wraps up on the 1st of February!
The support the international Destiny Community has shown has been staggering, but it isn't too late to get involved! https://t.co/lchXj9jmp3"
Bushfire,0,Bruins Bushfire Relief https://t.co/tnwTpjcciP
Bushfire,0,"Staff and inmates at the #SouthCoast Correctional Centre have raised $1,500 for the Karma wildlife sanctuary, 20km south of #Nowra. Governor Mick Reid &amp; Business Manager Karina Franke presented the cheque. Inmates raised $1,200 of the donation. #wombats #bushfire #rehabilitation https://t.co/KNZvPvXodC"
Bushfire,0,Free smoke taint testing to decide fate of grapes in bushfire zones https://t.co/oqb1MZWOS2 via @Australian Resources
Bushfire,0,The Sledging Is On Ahead Of The T20 Showdown Bushfire Fundraiser &gt;&gt; https://t.co/z3pNukjYBk https://t.co/UotA3LWsrs
Bushfire,0,"The priority of #BizRebuild is to help local businesses recover because without them bushfire devastated communities could simply fade away.

Our job is to get money and action on the ground as fast as possible and we thank the businesses who have already hit the ground running."
Bushfire,1,'Solitary' lyrebirds band together to save themselves  in 'incredible' show of unity under bushfire threat https://t.co/RAKdxkXUc4 via @abcnews
Bushfire,0,The #house4 girls loved designing their wildlife pouches which will be sent to Australia to support with the bushfire relief. These bags will help orphaned and injured kangaroos and koalas recover as they build enough strength to one day return to the wild ü¶òüá¶üá∫üê®‚ù§Ô∏è #iloveboarding https://t.co/wRO1mVrW6M
Bushfire,0,Bushfire smoke threatens to interrupt start of T20 tri-series https://t.co/dtDioVynX9 via @smh
Bushfire,1,Australia's Bushfire Risks Creating Its First Climate Refugees. (Carrier Management) #ClimateChange #Environment https://t.co/SdPcPxjVKw https://t.co/QajmPnDpha
Bushfire,0,"Not much chance of common ground when even Australia's inevitable bushfire season is being used to push a climate change agenda that would have no effect on it. The angry and neurotic will not go away, they're getting louder. https://t.co/VQWw5kZPoD"
Bushfire,1,@MatthewBevan @MikeKellyofEM @AlboMP Bega Valley bushfire evacuee here. I was pinning my hopes on next Monday's Q&amp;A as a turning point; obviously mistakenly. Molan is not helpful to anyone. If any politicians appear I want to see my elected MP not 2 n
Bushfire,1,Heatwave brings dangerous fire conditions to bushfire-ravaged Australia https://t.co/KsCFxyi3xr
Bushfire,0,Bushfire„Ç∑„Éº„Ç∫„É≥„Åã„Çâ„ÄÅÂÆ∂Ëøë„Åè„ÅÆÈ≥•„ÅÆÁ®ÆÈ°ûÊßãÊàê„Åå„Å°„Çá„Å£„Å®Â§â„Çè„Å£„Åü„ÄÇÁáï‰∫åÂçÅÁæΩ„Åè„Çâ„ÅÑ„ÅØ„Çà„Åè„Çπ„Éº„Éë„ÅÆÂâç„ÅÆÈõªÁ∑ö„ÅÆ‰∏ä„Å´Êï¥Âàó„Åô„Çã„ÄÇ„Åù„Åó„Å¶‰Ωï„ÅãÂ∞è„Åï„ÇÅ„ÅÆÁåõÁ¶Ω„Åå„ÅÇ„Çã„Å£„ÅΩ„ÅÑ„ÄÇÈ¥â„Çà„ÇäÂ§ß„Åç„ÅÑ„Åå„ÄÅË∂ÖÂ§ß„Åç„ÅÑ„ÇÑ„Å§„Åò„ÇÉ„Å™„ÅÑ„ÄÅÊöó„ÅÑËâ≤„ÄÇÁÅ´ÁÅΩ„Å®„ÅÆÈñ¢‰øÇ„ÅØÂàÜ„Åã„Çâ„Å™„ÅÑ„ÄÇÊò®Êó•„ÇÇË¶ã„Åü„ÄÇ„É¶„Éº„Ç´„É™„ÅÆÂ§©Ëæ∫„ÅÇ„Åü„Çä„Å´Ê≠¢„Åæ„Å£„Å¶„Åü„ÄÇ
Bushfire,0,"Aboriginal communities call for ongoing funding of cultural burning for bushfire mitigation
https://t.co/SF23XTTepg
#bushfire #aboriginal #auspol"
Bushfire,0,"We have FOUR pieces of art created by artists for the CC Bushfire Appeal book from around the world which is available to purchase. If you want to purchase, we suggest contacting the artists themselves with all negotiations to be handled between the artist and the purchaser. https://t.co/VoPnAdD7b7"
Bushfire,0,PRESS RELEASE: MDMA-assisted psychotherapy for bushfire victims - Need for fast-tracked access to breakthrough PTSD treatment. @MindMedicineAU https://t.co/tpUcTzUpSt
Bushfire,0,@lisadarmaninASU and unions have issued a directive that workers should stop outdoor work when bushfire related air quality reaches very poor and hazardous https://t.co/KZaYNSQxeq
Bushfire,0,@NeitherNora Way to make out like Australian bushfire relief efforts aren't important.
Bushfire,1,Please help these brave rescuers: Adelaide &amp; Hills Koala Rescue-SA Bushfire Koalas https://t.co/c1R9qATP9N
Bushfire,1,"We have been winding down the Tumbarumba and Adelong fodder distribution points as the demand for emergency fodder has been decreasing. Both will close at 5pm Friday 31 Jan. 
We will continue to work w/ bushfire affected landholders 1:1 in terms of fodder requirements @Murray_LLS https://t.co/bPsb8eY3aE"
Bushfire,0,@tweetsbyjp @AlexZverev Maybe we can donate a small fraction of the bushfire relief to your airfare ;)
Bushfire,1,Fish stocks now threatened by bushfire run-off https://t.co/vKeOqwTSyt
Bushfire,0,"The Environment Protection Authority (EPA) has reported hazardous air quality levels in Cann River at 10AM, Thu 30th Jan. Use the @epa_Victoria links below for detailed information about bushfire smoke #vicFires https://t.co/qDrUz5WUFF"
Bushfire,0,"There are still more than 200 FREE spots available for PA2health, a four-week self-care program for residents in drought and bushfire-affected areas.

Claim your spot today! The program begins 10 February. Visit https://t.co/Mr0n8Dk5Pu for more information. https://t.co/FM9MAvbWDT"
Bushfire,0,@mswarriorLMS @ScottMorrisonMP @elliemail @rationalbitch He is pushing gas big time now as per NPC address. Can't frack where people live. Bushfire playing right into his hands. Convenient yeah.
Bushfire,1,Heatwave brings dangerous fire conditions to bushfire-ravaged Australia https://t.co/GJuAMCgU86
Bushfire,1,"Bushfire: Hastings Rd, Frankston (CFA)"
Bushfire,1,"""As a children‚Äôs minister, I am particularly concerned about how we support children at this time.  But first, it‚Äôs helpful to think through what it means for a child to be affected by an experience like a bushfire."" #AustralianFires 
https://t.co/JzYvZA3xy8"
Bushfire,0," @theage Do we really need a poll to tell us that State Premiers hammered üá¶üá∫ü§° in performance during Bushfire Crisis? @DanielAndrewsMP &amp; @GladysB must‚Äôve been tearing their hair out with frustration at his amateurism.

Still, nice"
Bushfire,1,'Solitary' #lyrebirds band together to save themselves  in 'incredible' show of unity under bushfire threat https://t.co/va5MC3b6nq via @abcnews
Bushfire,0,"February 10, 2020 More than 30 bushfires put out by heaviest rainfall for 30 years in New South Wales, AU, helping end one of the worst bushfire seasons ever, 46 million acres burnt, over 1 billion animals killed, 34 people dead #Today #OnThisDate #People #History #Event #Now #PR https://t.co/Js7aQLXauk"
Bushfire,1,"Large bushfire in Emerald Bay State Park, Laguna Beach area in Orange¬†County https://t.co/rPJjEjbbQx"
Bushfire,0,@gemcarey Thanks for the pic showing which filter to use for COVID19. My family has those masks from the Black Summer bushfire smoke but I couldn't work out which filter was N95 (not P2). (BTW I have been noticing lots of people in Canberra wearing N95 ma
Bushfire,0,"Australian 2019-20 bushfire season colloquially known as the black storm which was a period of bushfires in many parts of Australia which due to its unusual size, duration, intensity, uncontrollable dimensions is considered a mega fire‚Ä¶Details on Opensea account (Artistic-punks) https://t.co/p3KXQ0l8M6"
Bushfire,0,"So to sum up: botched Covid management; damaged several relationships with ally  nations; no movement on Voice, Treaty, Truth; no ICAC; no RD bill, lots of wasted tax dollars; pathetic bushfire supports‚Ä¶. I miss anything? #auspol oh, massive debt‚Ä¶ and?"
Bushfire,0,"@edrybicki @Prof_GD_Foster @scoopit wow, cliche bingo in that article ""raging bushfire"", ""living alongside the virus"", ""from epidemic to endemic"", ""dropping guard"", ""bumpy ride"""
Bushfire,0,"the oxygen thieves want to hear my concerns.
tomorrow i'm lighting a fire. a bushfire. which way it
goes or who gets burnt, i cannot say.
but i'm lighting it nonetheless."
Bushfire,0,Still so many games that never made it across from Japan and USA. Had to import every game and mod our consoles. I remember my copy of Chrono Cross got stuck between two cities due to a bushfire back then. https://t.co/gGlHkov6hL
Bushfire,0,"The summer of 2019 is on record as the worst bushfire season in living memory. Far too many Australians lost their lives in the most excruciating and horrific circumstances. 
Scott Morrison saw that as the perfect time to take a Hawaiian holiday. 
A leadership masterclass. üòâ"
Bushfire,0,"@maz314Wa @MarkMcGowanMP He doesn't want to. Like dan, he'll fan it until it's a bushfire of covid cases and keep everyone locked up imo. I feel terrible for you guys out west atm."
Bushfire,0,@Tiddapage The harm and spiritual damage the peoples parliament building has hosted and suffered in the last few years.  It will need a bushfire of üçÉ to exorcise
Bushfire,0,"Lets see how they voted for some key issues.. say climate change, protecting women from DV , covid response, aged care royal commission, indue card, bushfire relief, family court abolition, covid disinformation... https://t.co/ZjQjipYyrm"
Bushfire,1,Bridgetown blaze demonstrates bushfire-resistant benefits of building with hemp  https://t.co/WzXlce1itw via @ABCaustralia
Bushfire,0,@64Hyacinth @DylanAlcott Add in NDIS funding should not be a slush fund for the LNP to raid at will. How many more billion have they stolen since Joshie thieved $4B for his ‚Äúback in black‚Äù scam?  Wasn‚Äôt  the $2B bushfire relief fund that disappeared
Bushfire,1,Fire crews protecting houses as north east bushfire rages¬†on https://t.co/tgCGnDXvPQ
Bushfire,0,LOL the Governments put money aside - umm Bushfire Relief #QandA
Bushfire,0,"How good is nature üôåüèª
Right now, a trip to @WestAustralia's¬†#MammothCave offers the rare opportunity to witness the beauty of bushfire regeneration üå± (üì∏:IG/tessomewhere).
#seeaustralia #thisiswa #australiassouthwest #holidayherethisyear https://t.co/DJP029lCYd"
Bushfire,0,"via WIN News Illawarra 
Today marks 2 years since the Morton Bushfire was extinguished  after ripping through the small town of Bundanoon. Locals are on the road to recovery but there's still a way to go, watch news story here #bundanoon
https://t.co/i1AqtvebZ5"
Bushfire,0,This is the America of the future. Fentanyl &amp; meth is ravaging that country like a bushfire and nothing is being done about it. Sad https://t.co/DEYe8D0kz4
Bushfire,1,Well I‚Äôll be buggered. The Kangaroo Island Dunnart has survived yet ANOTHER bushfire event. ABC news straight-facedly reporting: ‚Äúscientists believe the Dunnart has adapted to bushfire conditions‚Äù. Who woulda thunk a native animal could be so‚Ä¶ adaptable? https://t.co/EjiyMZaKAi
Bushfire,1,"TAS Bushfire Watch &amp; Act for Lebrina, Wyena, Golconda, Ferny Hill Road &amp; Surrounds. #bushfire #fire #ausfires #ewnalerts #wildfire #TAS #tasfires https://t.co/eyFz1ta1W9 https://t.co/2cLfzbG93o"
Bushfire,0,"Bushfire Volunteers State President, Dave Gossage, believes the union is ""all about more memberships"".
#perthnews
https://t.co/7OirayUG9Q"
Bushfire,1,‚ÄòIt‚Äôs scary‚Äô: Property owners prepare amid bushfire¬†warning https://t.co/JGrrSjKECB
Bushfire,1,Support for Community affected by Bushfire https://t.co/YaChf5CATR
Bushfire,1,Residents watch on as a bushfire continues to burn uncontrolled in Tasmania‚Äôs north #tasfires @abcnews https://t.co/qrHmXmPLzJ
Bushfire,0,"Do you need assistance with preparing your rural property or creating a survival plan this bushfire season?
Bushfires NThttps://www.facebook.com/photo.php?fbid=275236881405979&amp;set=a.122709729992029&amp;type=3"
Bushfire,1,"WA Fire Weather Warning for South Coastal, South East Coastal, Goldfields, Roe, Beaufort, Lakes &amp; Ninghan. #fireweather #ewnalerts #bushfire #wildfire #WA https://t.co/JEIH4mm54d https://t.co/brzEgkWsOC"
Bushfire,1,"@@short_hour@@ -Bushfire ADVICE for KANGAROO GULLY, HESTER, HESTER BROOK and BRIDGETOWN in the Shire of BRIDGETOWN-GREENBUSHES: https://t.co/ZSEIQCTb4B"
Bushfire,1,"04:06 PM -Bushfire ADVICE for parts of DENMARK, SHADFORTH, SCOTSDALE, MOUNT LINDESAY, MOUNT ROMANCE, HAY, PARRYVILLE, KORDABUP and KENTDALE in the SHIRE OF DENMARK: https://t.co/ZSEIQCTb4B"
Bushfire,1,"04:03 PM -Bushfire ADVICE for southern parts of CORRIGIN, south-west parts of ARDATH and eastern parts of SHACKLETON in the SHIRE OF QUAIRADING, SHIRE OF CORRIGIN, SHIRE OF BRUCE ROCK, SHIRE OF KONDININ AND SHIRE OF NAREMBEEN: https://t.co/ZSEIQCTb4B"
Bushfire,0," @sidherian And the colour coded spreadsheets for Sports Rorts and Carkparks‚Ä¶
Bushfire funds never spent‚Ä¶
ü§Øü§¶‚Äç‚ôÇÔ∏è"
Bushfire,0," Scott gets blamed for absolutely everything by the left.
He caused the bushfire.
Obviously his policies on climate worked because we have had two years without them."
Bushfire,1,"Watch and act issued for as bushfire expected to reach Lebrina, Wyena https://t.co/VxnmvxQHYR via @ExaminerOnline"
Bushfire,1,Bushfire alert for Lebrina and Wyena https://t.co/cAKoxk0UCs #hobart #7hofm
Bushfire,0,If this bushfire comes and kills me I still hope all your coins go to 0 https://t.co/Vt4ASG7mOe
Bushfire,0," @newscomauHQ Getting on TV or in the news will not rewrite history.
Why not a story about the bushfire victims and how they are doing now?"
Bushfire,0,"@albsie @colonelhogans I thought as much. The bushfire relief fund was always a furphy, to be rebadged as some other fund. PM was basically hounded out by angry residents, so it was obvious that his bruised ego would not allow any relief for them."
Bushfire,1,"03:38 PM -Bushfire ADVICE for parts of ANKETELL, CASUARINA and OAKFORD in the CITY OF KWINANA and SHIRE of SERPENTINE-JARRAHDALE : https://t.co/ZSEIQDbkiJ"
Bushfire,0,@mel_wright123 @xskinn @SenatorCash if your enacting the will of the people where‚Äôs the bushfire money? Where‚Äôs the ICAC? Why were their car park rorts? Politicians need booting from parliament at the next election.
Bushfire,0," @bentsolutionsau @steph_brown_aus @James_Jeffrey @TroyPSimpson @JoshButler @TheFlyingZebra4 Indian &amp; Asian tend to Liberal.
This may help.
Fraudulentbugga being obnoxious to Hindus Spirituality &amp; Faith denigrated in Parliament under "
Bushfire,1,"Watch and act issued for as bushfire expected to reach Lebrina, Wyena https://t.co/d8oymp1nEC"
Bushfire,0,"https://t.co/nS4gMYzKCJ
2nd Alarm
Grass Fire
Gum Creek
Fire in paddock South side
Just East Booborowie Rd Gum Creek Rd Gum Creek
17:52
10-02-22
 #bushfire #SAfires"
Bushfire,1,Bushfire - Leeuwin - Naturaliste National Park - map 1c. Read more at https://t.co/RSzm4s9Fpv for details
Bushfire,0,"Australia‚Äôs bushfire threat already beyond worst-case scenarios, thanks to climate change https://t.co/UVk3dGMy6b via @renew_economy"
Bushfire,0,'Harsh Summer Komorebi | Australian Forest in Stardew Valley üî• Bushfire Wildfire Season | Naturescape environment painting by Albert Bierstadt' https://t.co/q51wU6AGWo
Bushfire,1,An out-of-control bushfire is heading towards properties in Tasmania‚Äôs north. A watch and act warning is in place for the areas of Lebrina and Wyena #tasfires @abcnews https://t.co/iVRCruNZT1
Bushfire,0,"@farmingforever I live in the Central Wheatbelt of WA where I grew up on a farm in the 1960s and '70s. The South West of WA is very much on the frontline of global heating. The region is now far drier and hotter than it was, and the bushfire risk is great"
Bushfire,0,"WA's Department of Fire and Emergency Services Commissioner Darren Klemm has said there was no doubt climate change was intensifying bushfire conditions
Farmers and farming communities in WA's wheatbelt are still assessing the damage, including loss of stock and soil erosion https://t.co/2KkURfuham"
Bushfire,1,Bushfire alert for Lebrina and Wyena #100%launceston #lafm #localnews #leadersinlocal https://t.co/lNriLCHcWZ
Bushfire,0,@10NewsFirst @vanOnselenP Frankly ppl of Aust can see through his behaviour.  Beyond belief that LNP have allowed a sale of a dubious country property for a ‚Äúproposed airport‚Äù  to go through + millions of taxpayers dollars to be gifted to a cult relig
Bushfire,1,Bushfire alert for Lebrina and Wyena #tastalks #localnews #leadersinlocal https://t.co/1l4ZywgCLZ
Bushfire,0,"The Australian government is so incompetent that after failing to meet any promises with bushfire and COVID relief, now they want to end free speech so that people can't criticize their blatant corruption and greed. Even the Murdoch media has turned on the PM. Shameful."
Bushfire,0,@Auspureblood When he sang one of of his songs with Coldplay at that bushfire concert it  was awesome
Bushfire,1,Fire crews are battling a bushfire in Lebrina. A watch and act is in place. More at six @7tasnews https://t.co/4KWewfcKzB
Bushfire,0,"Bushfire ranges all across that bright red sky.
And the ashfall will only cause the temperature rise."
Bushfire,0,"@Bushfire_DS @DanielAndrewsMP Mate, not the place. One problem at a time yeah."
Bushfire,0,Fire-resistant hempcrete blocks bring hope in the wake of Bridgetown¬†bushfire https://t.co/t59ro56Qng
Bushfire,0,"Australia's bushfire threat already beyond worst-case scenarios, thanks to climate change | RenewEconomy https://t.co/Rn21jqzmwJ"
Bushfire,0,Fire-resistant hempcrete blocks bring hope in the wake of Bridgetown¬†bushfire https://t.co/6uKMewCnQV
Bushfire,0,Well you know you have to pay your mates Rupert and Gerry so gotta grift the money from somewhere unimportant like the ABC and the 2019 Bushfire Fund https://t.co/46mF3JHljJ
Bushfire,0,"An act of desperation. I'm sure he will do his best to emulate his efforts his last campaign. He is a liar and that will stick...as will the stench of the bushfire smoke, the rotting murray cod, the bleaching reef, the cuts, the unkept promises , the rorts and impropriety. https://t.co/JkFCTHbKzo"
Bushfire,0,"@samanthamaiden @AlboMP @Tony_Burke An act of desperation. I'm sure he will do his best to emulate his efforts his last campaign. He is a liar and that will stick...as will the stench of the bushfire smoke, the rotting murray cod, the bleaching reef, the "
Bushfire,0,Could you please ask her if she knows what happened to all the Bushfire donations? https://t.co/c1xFjGEkX9
Bushfire,0,"Had a very heartwarming chat with two passionate #CitizenScientists  on #iNaturalist #EnvironmentRecoveryProject recording Torrington's unique species returning after bushfire.
It is  reassuring to meet people giving their focus to caring for our unique Aus flora and fauna. https://t.co/wcQR3fD4Py"
Bushfire,0,"üåªüëáü§Æüòäüñ§üò∑
(image created by someone smarter than I, I just loved it &amp; saved it when it came out during the bushfire crisis) https://t.co/Fd3VlmZqnA https://t.co/zU1X1Atuca"
Bushfire,0,@drjennifermckay: 3 cases since 2020 in Age of Obligations. Obligations were imposed on statutory authorities: National Parks Case in Vic (Protected Areas); Adani Water (error of law by Fed gov) &amp; Bushfire Survivors (1st case compelling action by gov 
Bushfire,0,The hulk is saving people in a bushfire with no fire suit he‚Äôs amazing
Bushfire,1,"SW WA recent fire 
Laurie PettersenHesterbrook Volunteer Bushfire Brigade
1 d  ¬∑ 
The view in Hester just before the fire hit
Never forget these guys and girls put themselves in front of things like this for you https://t.co/TfXIKlm0lU"
Bushfire,0,Context: https://t.co/DRhattZE0J
Bushfire,0,@DanielAndrewsMP But ya needed an enquiry into cannabis and then bowed down to vicpol anyway.
Bushfire,0,"@ABarrMLA: ""an eccentric and eclectic bunch"". Ken Behrens: ""...cunt(s) ‚Ä¶ pieces(s) of shit""."
Bushfire,0,@bb03cb @roguetradar @messyjez @jamesglenday I think that‚Äôs what is needed in the campaign. Him saying something (lying) &amp; then shown up. Vaccine. RAT. States. And announcing funding that has previously been removed announce etc. Bushfire. DV. Menta
Bushfire,0,"Morrison treated Ms Tame with respect hahahahahahaüòûüòûüí• #qt. Sit down Boofhead! This guy knew nothing of a rape, a bushfire, a submarine contract, a  $1m brown paper bag.., of course PM Shultz knows nothing! https://t.co/PaJgvJjgjK"
Bushfire,0," @samanthamaiden @AlboMP @Tony_Burke After water rorts, car park rorts, Rolex rorts, internet rorts, Jobkeeper rorts, sports rorts, au pair rorts...East Timor rorts, tax allowance rorts, bushfire water bomber &amp; Covid response, aged care fails.."
Bushfire,0,"So important to recognise the impact #climatechange is having on #naturalhazard &amp; #bushfire in particular.
We need to support remote &amp; rural communities to explore new approaches like SAPS &amp; islandable #microgrids. https://t.co/KrmTnATzP3"
Bushfire,0,"Sorry this is a puff peice to Morrison. He knew before he left for Hawaii that their was bushfire Crisis, no amount trying to explain their behavior is going to save them. https://t.co/QG9jXWj2Fd"
Bushfire,0,"Imagine - a nationally consistent, fit for purpose regulatory system ‚Äì that actually works. That‚Äôs what we REALLY need from the Commonwealth and States and Territories ‚Äì as recommended by the Bushfire RC and Senate Inquiry into Fundraising for the 21st C. #fixfundraising"
Bushfire,0,"We also need more capacity to fight fires.
The Bushfire Royal Commission report recommended the creation of a national 'sovereign' aerial firefighting fleet, which can then be allocated to the states ""according to greatest national need""
https://t.co/avxTO3U3qD"
Bushfire,0,"@KVgonewild @gerson008 @craigthomler @AlboMP They got worse since then, and it's still pissing on a bushfire. They don't take is seriously; see the massive ""donations"" they take from coal interests.  https://t.co/vyZ3swELe0"
Bushfire,0,@WittGorrie I hope a bushfire destroys the bloody thing. He shouldn't be allowed to speak about equality and protecting children when he's doing this.
Bushfire,0,"As a cooler summer provides Australia a reprieve from the extremes of recent hot summers, experts say bushfire threat still exceeds 'worst case' scenarios.
https://t.co/WRWf4ixjA4"
Bushfire,1,"10:45 AM -Bushfire ADVICE for KANGAROO GULLY, HESTER, HESTER BROOK and BRIDGETOWN in the Shire of BRIDGETOWN-GREENBUSHES: https://t.co/ZSEIQDbkiJ"
Bushfire,0,"@Travisdhanraj @fordnation @SylviaJonesMPP This is what you would get. Folks this is spreading like an ""Australian Bushfire. Its Gonna"" hit us Like a Tsunami"". Oh!! Krista wrong teleprompter this is supposed to be about the Occupation, quick where's the s"
Bushfire,0,@adambspencer And there's that bushfire thing they should really look into.
Bushfire,0,"Australia‚Äôs bushfire threat already beyond worst-case scenarios, thanks to climate change https://t.co/BNodaXLU2n #renewables #cleanenergy"
Bushfire,1,"10:32 AM -Bushfire ADVICE for parts of ANKETELL, CASUARINA and OAKFORD in the CITY OF KWINANA and SHIRE of SERPENTINE-JARRAHDALE : https://t.co/ZSEIQCTb4B"
Bushfire,0,"We need an ICAC TO INVESTIGATE The LNP's Sports rort Robodebt Water sell-off bushfire funds GBR FUND, https://t.co/f3HuVMXapL"
Bushfire,0,"theage Bulldust. 
What an utter waste of time. 
No Fed ICAC. No bushfire relief. No healthcare support. No aged care salvation. No prepa for the inevitable 4th wave. 
An orchestrated misuse of Parliament by the most self-serving Prime Minister we have ev"
Bushfire,0,@bgosford @stilgherrian Probably doing imaging to survey post-bushfire regrowth. Customer is probably someone like NSW National Parks or maybe a university researcher who got a grant.
Bushfire,1,"The Australian Red Cross is providing Farm First Aid Training in March in support of drought and bushfire affected communities at Rosewhite, Buffalo River, Whorouly and Carboor in March. Register via the QR code at https://t.co/K5gVaD1X06 or go to https://t.co/Puva6MjL3P. https://t.co/XHGb0D7ILZ"
Fire,0,Morganite Gemstone White Fire Opal 925 Sterling Silver Ring Size 6 R1354 http://t.co/hHpVSAtQXN http://t.co/D12r8XpShy
Fire,0,Marquei como visto Game of Thrones - 3x5 - Kissed by Fire http://t.co/CJHH17duli #bancodeseries
Fire,0,Save the Date! Saturday August 15 2015 is the Salisbury Fire Department Open House at 325 Cypress St 10am to... http://t.co/Oa6B0Z2H6Y
Fire,0,Why put out a fire when it's still burning.
Fire,0,@Miss_HoMaStToPa cause were on fire we are on fire were on fire now.. Yeah were on fire we are on fire were on fire nowwwwww
Fire,0,My avi And header combo is fire
Fire,0,http://t.co/iNkuv5DNTX #auction #shoes Retro 5 fire red http://t.co/1cvEGTIZOG
Fire,0,My asshole is on fire  https://t.co/Y3FO0gHg8t
Fire,0,I'm crying that song just ended setting myself on fire  https://t.co/i2El5aCrRW
Fire,0,Setting things on fire is always an option
Fire,0,Sitting around a fire sounds great right about now
Fire,0,I See Fire
Fire,0,But put 'Flood of Fire' at the top of the list.  https://t.co/p5JPjgiipW
Fire,0,I'm On Fire.  http://t.co/WATsmxYTVa
Fire,0,Politifiact: Harry Reid's '30 Percent of Women Served' Planned Parenthood Claim Is a 'Pants on Fire' Lie http://t.co/aMYMwWcpYm | #tcot
Fire,0,Dear @CanonUSAimaging I brought it ;) #CanonBringIt #Fire  #CanonTattoo #MN #TheresMoreWhereThatCameFrom http://t.co/tCXxHdJAs6
Fire,0,@seanhannity @ScottWalker yeah just who we need another middle class hating republican out to get hard working cops fire fighters teachers
Fire,1,This fire is WAY too close wtf is going on ???? http://t.co/drf3mmRbyx
Fire,0,Fire Meet Gasoline always gotta get played twice lol
Fire,0,WCW @catsandsyrup THA BITCH IS FIRE
Fire,0,well it feels like im on fire.
Fire,0,her eyes and words are so icy but she burns like rum on the fire
Fire,0,#news Politifiact: Harry Reid's '30 Percent of Women Served' Planned Parenthood Claim Is a 'Pants on Fire' Lie... http://t.co/bMSeDZOfSV
Fire,0,Nothing like a good fire https://t.co/ItFbBz9xYC
Fire,0,@DaughterofNai Tenshi activated Yuki's fire card!
Fire,0,California been shaking...catching on fire....and overcharging ppl on rent for the past 150+ years it ain't going nowhere.
Fire,1,There's a fire in the Catalinas. Looks kinda cool. This picture doesn't do it justice. https://t.co/N0tAwGeZJx
Fire,0,@zaynmalik don't overwork yourself. Your album is gonna be fire just don't overwork or stress! I love you take care
Fire,0,@Justin_Ling I promise not to tax pancakes or rainbows or not dying in a fire.
Fire,0,This nigga Cyhi diss was what Meek was suppose to do. This shit actually fire
Fire,0,I wanna set some shit on fire.
Fire,0,In the words of Charlie Daniels 'Fire on the mountain run boys run.'¬â√õ_ https://t.co/fz1HAEj255
Fire,0,I just checked in! ¬â√õ√í at On Fire on @ZomatoAUS #LoveFood http://t.co/9l5kqykrbG
Fire,0,When your heart is bigger than the obstacles  in front of you #euro #dontexpectnothing #july #fire @euro
Fire,0,Fire waves and darkness
Fire,0,It may seem like our fire has been a little burnt out....
Fire,0,Smelling a Bon fire while driving makes me wanna be sitting near one making s'mores ????
Fire,0,Will be dropping fire selfie tomorrow saying 'you're welcome' ahead of time.
Evacuation,0,FAAN orders evacuation of abandoned aircraft at MMA: FAAN noted that the action had become necessary due to re... http://t.co/ZUqgvJnEQA
Evacuation,1,#Breaking: Authorities have issued new mandatory evacuation notices for 25 homes to the North of the fire in #Roosevelt WA
Evacuation,1,Roosevelt Wash. under evacuation order due to wildfire http://t.co/FiJAPxyKRQ
Evacuation,1,Humboldt Cty Sheriff's Office has issued an evacuation advisory for 10 residence in the Lassics area... more info at http://t.co/ERUzBUQZYU
Evacuation,0,VIETNAM WAR PATCH US 71st EVACUATION HOSPITAL HIGHLAND MEDICS http://t.co/kIF7M3FQLx http://t.co/Oz6vlWwTNR
Evacuation,0,. @VELDFest announces refunds after Day two's extreme weather evacuation: http://t.co/PP05eTlK7t http://t.co/3Ol8MhhPMa
Evacuation,0,Our mission to see the end of this movie last night @markoturner @annaciclismo after getting fire alarm evacuation http://t.co/5kFOVovjso
Evacuation,0,Update: Bend FD says roofing co. workers accidentally cut through natural gas line in Post Office leading to evacuation for about a half-hr
Evacuation,1,Evacuation Advisory for Swayback Ridge Area..voluntary-InciWeb:Mad River Complex Announcement http://t.co/vN73o4SGzJ #wildfires #calfires
Evacuation,0,Run out evacuation hospital indexing remedial of angioplasty dissertation at power elite hospitals dismayed:¬â√õ_ http://t.co/VGvJGr8zoO
Evacuation,0,So the IFAK is an 'individual first aid kit' to treat a single trauma victim I think I should create the EFAK or evacuation first aid kit
Evacuation,0,"Elem Pomo helping the displaced from the Rocky Fire. Please consider!
Elem Evacuation Center http://t.co/dYDFvz7amj via @gofundme"
Evacuation,0,Bend Post Office roofers cut gas line prompt evacuation - http://t.co/6mF7eyZOAw
Evacuation,0,@Eric_Bulak @jaclynsonne @_OliviaAnn_ I was looking for you guys on the live stream. I'm guessing the evacuation cost you the front?
Evacuation,0,FAAN gives owners of abandoned aircraft evacuation ultimatum http://t.co/zZpojgngAJ via @dailytimesngr. They should probe them too!
Evacuation,0,Updated #RockyFire map with Mandatory Evacuation areas (red) Advisory Evacuation (yellow) 2 Evac Centers (green) https://t.co/gZEgjoAKKw
Evacuation,0,UPDATE: The GNWT has just issued a voluntary evacuation order for cabin owners at Pickerel Lake near the Reid... http://t.co/RVSYxwj9Cp
Evacuation,1,Evacuation order lifted for town of Roosevelt Wash. though residents warned to be ready to leave quickly http://t.co/Na0ptN0dTr
Evacuation,0,@batfanuk we enjoyed the show today. Great fun. The emergency non evacuation was interesting. Have a great run.
Evacuation,0,my school just put the evacuation alarms on accidently with 2 different trial exams happening are you kidding me
Evacuation,0,Walking down the middle of Michigan Ave last Sunday during #Lolla evacuation 2015 https://t.co/YrfZ5WJ7R2
Evacuation,0,INK Entertainment Addresses Veld Evacuation and Refund Status http://t.co/vKu3RtOZ1J #TRC via @TorontoRC
Evacuation,1,¬â√õ√èA voluntary evacuation is being recommended at this time¬â√õ¬ù for Pickerel Lake cabins across highway from #Reidlake fire says MACA #NWT #YZF
Evacuation,1,Evacuation order lifted for town of Roosevelt: http://t.co/EDyfo6E2PU http://t.co/M5KxLPKFA1
Evacuation,0,Update: More from Bend FD on how a natural gas line cut prompted evacuation of the main Post Office this afternoon http://t.co/wMmkIrJ0Hw
Evacuation,0,New evacuation ordered for 25 homes in danger of Hwy. 8 fire near Roosevelt Wash. http://t.co/SQsyUeh4yI #KOIN6News http://t.co/199t7ND0pm
Evacuation,1,Reid Lake fire prompts campground evacuation order http://t.co/jBODKM6rBU
Evacuation,0,"This is an evil generation
Rock and roll evacuation!
As far as the eye can see!
(Hey hey hey hey!)"
Evacuation,0,@ariabrisard @leiaorganasolo Good. Play along with her. You may begin your operation with the death star. The evacuation is nearly complete.
Evacuation,0,Evacuation drill at work. The fire doors wouldn't open so i got to smash the emergency release glass #feelingmanly
Evacuation,1,Evacuation order lifted for Roosevelt after #Wildfire misses town - KOMO News http://t.co/qCpMktGLLR
Evacuation,0,Gas leak forces evacuation in east Saint John http://t.co/E1vkc2efsT #NB http://t.co/BeUa507Iug
